Gradescope submisison ID,Repo 1,Repo 2
176304464,compiler_19,compiler_57
176305410,compiler_33,compiler_04
176415022,compiler_03,compiler_52
176445956,compiler_07,compiler_68
176469396,compiler_53,compiler_45
176488566,compiler_55,compiler_37
176495080,compiler_39,compiler_54
176545517,compiler_45,compiler_18
176559653,compiler_46,compiler_74
176567644,compiler_22,compiler_12
176569746,compiler_35,compiler_42
176599126,compiler_68,compiler_73
176605582,compiler_56,compiler_25
176643585,compiler_07,compiler_28
176655343,compiler_35,compiler_16
176656125,compiler_15,compiler_28
176670613,compiler_25,compiler_38
176677152,compiler_36,compiler_52
176683203,compiler_47,compiler_05
176683868,compiler_62,compiler_31
176704473,compiler_29,compiler_71
176775789,compiler_13,compiler_26
176819562,compiler_64,compiler_73
176820918,compiler_48,compiler_16
176826675,compiler_58,compiler_36
176848938,compiler_41,compiler_07
176881433,compiler_61,compiler_26
176896874,compiler_22,compiler_24
176926550,compiler_18,compiler_27
176939852,compiler_62,compiler_73
176942483,compiler_57,compiler_09
176951349,compiler_62,compiler_36
176985462,compiler_48,compiler_59
177007298,compiler_52,compiler_16
177007437,compiler_22,compiler_16
177041524,compiler_08,compiler_14
177042267,compiler_34,compiler_58
177087817,compiler_30,compiler_59
177096860,compiler_21,compiler_27
177101476,compiler_66,compiler_59
177103431,compiler_18,compiler_59
177104078,compiler_31,compiler_20
177110643,compiler_38,compiler_42
177161753,compiler_2,compiler_12
177173991,compiler_32,compiler_17
177204015,compiler_31,compiler_23
177239535,compiler_44,compiler_14
177239738,compiler_50,compiler_63
177241084,compiler_63,compiler_02
177249522,compiler_47,compiler_28
177250720,compiler_20,compiler_29
177251455,compiler_17,compiler_68
177252007,compiler_04,compiler_22
177254186,compiler_46,compiler_35
177257594,compiler_33,compiler_05
177257736,compiler_39,compiler_40
177267125,compiler_72,compiler_21
177278320,compiler_61,compiler_09
177278858,compiler_35,compiler_55
177280074,compiler_32,compiler_14
177286043,compiler_09,compiler_10
177296400,compiler_48,compiler_12
177304209,compiler_67,compiler_70
177308679,compiler_64,compiler_23
177311724,compiler_41,compiler_09
177314155,compiler_38,compiler_11
177317043,compiler_04,compiler_39
177321343,compiler_66,compiler_49
177324425,compiler_24,compiler_26
177326730,compiler_51,compiler_63
177329429,compiler_65,compiler_54
177330247,compiler_43,compiler_28
177335781,compiler_43,compiler_66
177336830,compiler_44,compiler_51
177339261,compiler_06,compiler_58
177341935,compiler_63,compiler_08
177345743,compiler_33,compiler_23
177347085,compiler_25,compiler_12
177347251,compiler_49,compiler_23
177348229,compiler_24,compiler_01
177348240,compiler_30,compiler_54
177349722,compiler_03,compiler_41
177349763,compiler_41,compiler_73
177351553,compiler_61,compiler_26
177352301,compiler_15,compiler_26
177353299,compiler_67,compiler_42
177355105,compiler_11,compiler_53
177355413,compiler_17,compiler_29
177355495,compiler_34,compiler_59
177356880,compiler_58,compiler_17
177357062,compiler_08,compiler_37
177359850,compiler_71,compiler_23
177360398,compiler_64,compiler_12
177361195,compiler_45,compiler_05
177361663,compiler_66,compiler_75
177361797,compiler_55,compiler_30
177362173,compiler_65,compiler_46
177362331,compiler_02,compiler_39
177362553,compiler_20,compiler_54
177362836,compiler_21,compiler_34
177363247,compiler_29,compiler_14
177363506,compiler_08,compiler_43
177363912,compiler_55,compiler_16
177364495,compiler_11,compiler_27
177364518,compiler_74,compiler_40
177365072,compiler_38,compiler_65
177365101,compiler_31,compiler_42
177365465,compiler_32,compiler_70
177365537,compiler_57,compiler_67
177365587,compiler_56,compiler_19
177366149,compiler_71,compiler_37
177366444,compiler_01,compiler_48
177366469,compiler_49,compiler_42
177366542,compiler_10,compiler_72
177366552,compiler_36,compiler_40
177366690,compiler_44,compiler_28
177367004,compiler_50,compiler_06
177367112,compiler_21,compiler_05
177367132,compiler_01,compiler_50
177367836,compiler_19,compiler_56
177368185,compiler_06,compiler_27
177368397,compiler_24,compiler_33
177368500,compiler_45,compiler_59
177368738,compiler_71,compiler_03
177368850,compiler_57,compiler_44
177368952,compiler_34,compiler_12
177368992,compiler_43,compiler_54
177369097,compiler_75,compiler_62
177369155,compiler_75,compiler_13
177369223,compiler_06,compiler_47
177369526,compiler_20,compiler_01
177630866,compiler_72,compiler_16
177905192,compiler_47,compiler_32
177905364,compiler_18,compiler_67
177905565,compiler_49,compiler_26
177905774,compiler_53,compiler_23
177905880,compiler_07,compiler_27
177915645,compiler_68,compiler_14
177917201,compiler_72,compiler_51
177917308,compiler_57,compiler_70
177917632,compiler_30,compiler_28
177917721,compiler_02,compiler_73
177917806,compiler_50,compiler_64
177918770,compiler_74,compiler_11
177918847,compiler_03,compiler_40
177918983,compiler_56,compiler_10
177919106,compiler_53,compiler_13
177919196,compiler_52,compiler_19
177919301,compiler_51,compiler_15
177919415,compiler_13,compiler_70
177919503,compiler_25,compiler_05
177919600,compiler_46,compiler_73
177919682,compiler_74,compiler_37
177919875,compiler_61,compiler_15
177919988,compiler_10,compiler_40
177920178,compiler_65,compiler_27
177920282,compiler_09,compiler_37
177920380,compiler_04,compiler_70